MM1 (A),MM2 (V),PS (V),PathDiam (cm)
-0.91948,149.953,149.8,11.5
-0.92202,149.951,149.8,11.5
-0.951103,149.955,149.8,11.1
-0.990079,149.955,149.8,10.7
-1.020206,149.95,149.8,10.2
-1.046073,149.953,149.8,10.1
-1.067232,149.952,149.8,9.9
-1.1051,149.951,149.8,9.6
-1.129707,149.955,149.8,9.3
-1.178355,149.954,149.8,9
-1.221198,149.952,149.8,8.8
-1.265245,149.956,149.8,8.4
-1.324946,149.954,149.8,8.2
